[
  // Popcorn
  {
      "ProducerName": "Popcorn Machine",
      "InputIdentifier": "Butter",
      "InputStack": 1,
      "FuelIdentifier": "270",
      "FuelStack": 1,
      "MinutesUntilReady": 60,
      "OutputIdentifier": "Buttered Popcorn",
      "OutputStack": 1,
      "InputPriceBased": false,
      "Sounds": ["Ship"],
  },
  {
      "ProducerName": "Popcorn Machine",
      "InputIdentifier": "Caramel",
      "InputStack": 1,
      "FuelIdentifier": "270",
      "FuelStack": 2,
      "MinutesUntilReady": 60,
      "OutputIdentifier": "Caramel Corn",
      "OutputStack": 2,
      "InputPriceBased": false,
      "Sounds": ["Ship"],
  },
  {
      "ProducerName": "Popcorn Machine",
      "InputIdentifier": "424",
      "InputStack": 1,
      "FuelIdentifier": "270",
      "FuelStack": 1,
      "MinutesUntilReady": 60,
      "OutputIdentifier": "Cheese Popcorn",
      "OutputStack": 1,
      "InputPriceBased": false,
      "Sounds": ["Ship"],
  },
  {
      "ProducerName": "Popcorn Machine",
      "InputIdentifier": "Chocolate",
      "InputStack": 1,
      "FuelIdentifier": "270",
      "FuelStack": 2,
      "MinutesUntilReady": 60,
      "OutputIdentifier": "Chocolate Popcorn",
      "OutputStack": 2,
      "InputPriceBased": false,
      "Sounds": ["Ship"],
  },
  {
      "ProducerName": "Popcorn Machine",
      "InputIdentifier": "260",
      "InputStack": 1,
      "FuelIdentifier": "270",
      "FuelStack": 1,
      "MinutesUntilReady": 60,
      "OutputIdentifier": "Hot Chili Popcorn",
      "OutputStack": 1,
      "InputPriceBased": false,
      "Sounds": ["Ship"],
  },
  {
      "ProducerName": "Popcorn Machine",
      "InputIdentifier": "245",
      "InputStack": 1,
      "FuelIdentifier": "270",
      "FuelStack": 1,
      "MinutesUntilReady": 60,
      "OutputIdentifier": "Kettle Corn",
      "OutputStack": 1,
      "InputPriceBased": false,
      "Sounds": ["Ship"],
  },
  {
      "ProducerName": "Popcorn Machine",
      "InputIdentifier": "724",
      "InputStack": 1,
      "FuelIdentifier": "270",
      "FuelStack": 1,
      "MinutesUntilReady": 60,
      "OutputIdentifier": "Maple Popcorn",
      "OutputStack": 1,
      "InputPriceBased": false,
      "Sounds": ["Ship"],
  },
  {
      "ProducerName": "Popcorn Machine",
      "InputIdentifier": "432",
      "InputStack": 1,
      "FuelIdentifier": "270",
      "FuelStack": 3,
      "MinutesUntilReady": 60,
      "OutputIdentifier": "Truffle Popcorn",
      "OutputStack": 3,
      "InputPriceBased": false,
      "Sounds": ["Ship"],
  },
  // Plain Popcorn
  {
      "ProducerName": "Popcorn Machine",
      "InputIdentifier": "270",
      "InputStack": 1,
      "MinutesUntilReady": 60,
      "OutputIdentifier": "Homestyle Popcorn",
      "OutputStack": 1,
      "InputPriceBased": false,
      "Sounds": ["Ship"],
  },
]