{
    "Name": "Maple Popcorn",
    "Description": "Popcorn sweetened with maple syrup.",
    "Category": "ArtisanGoods",
    "Edibility": 15,
    "Price": 400,
    "IsColored": false,
    "EdibleIsDrink": false,
    "EdibleBuffs": null,
    "Recipe": null,
    "HideFromShippingCollection": false,
    "ContextTags":
    [
      "universal_like",
      "color_brown",
    ],
    "NameLocalization":
    {
        "default":"Maple Popcorn",
        //"es": "",
        //"ko": "",
        //"de": "",
        //"fr": "",
        //"hu": "",
        //"it": "",
        //"ja": "",
        //"pt": "",
        //"ru": "",
        //"tr": "",
        //"zh": "",
    },
    "DescriptionLocalization":
    {
        "default": "Popcorn sweetened with maple syrup.",
        //"es": "",
        //"ko": "",
        //"de": "",
        //"fr": "",
        //"hu": "",
        // "it":"",
        //"ja": "",
        //"pt": "",
        //"ru": "",
        //"tr": "",
        //"zh": "",
    },
}